page,subject,pathway,tier,quiz_count,fifa_count,has_common_mistake,has_matching,has_equations,has_rp,has_examiner_tip,lineup
biology/cell-biology/eukaryotes-prokaryotes,biology,combined,foundation,5,2,True,True,True,False,False,1111000111
biology/cell-biology/animal-plant-cells,biology,combined,foundation,5,0,True,True,False,True,False,0011001101
biology/cell-biology/cell-specialisation,biology,combined,foundation,4,0,True,True,False,False,False,0011000101
biology/cell-biology/microscopy,biology,combined,foundation,5,3,True,True,True,True,False,1111001111
biology/cell-biology/chromosomes-mitosis,biology,combined,foundation,5,0,True,True,False,False,False,0011000101
biology/cell-biology/stem-cells,biology,combined,foundation,4,0,True,True,False,False,False,0011000101
biology/cell-biology/transport-in-cells,biology,combined,foundation,5,1,True,True,False,True,False,0011001111
biology/organisation/principles-of-organisation,biology,combined,foundation,4,0,True,True,False,False,False,0011000101
biology/organisation/digestive-system,biology,combined,foundation,5,0,True,True,False,True,False,0011001101
biology/organisation/enzymes,biology,combined,foundation,5,0,True,True,False,True,False,0011001101
biology/organisation/heart-blood-vessels,biology,combined,foundation,4,0,True,True,False,False,False,0011000101
biology/organisation/blood,biology,combined,foundation,4,0,True,True,False,False,False,0011000101
biology/organisation/coronary-heart-disease,biology,combined,foundation,3,0,True,True,False,False,False,0011000101
biology/organisation/health-disease,biology,combined,foundation,3,0,True,True,False,False,False,0011000101
biology/organisation/cancer,biology,combined,foundation,3,0,True,True,False,False,False,0011000101
biology/organisation/plant-tissues,biology,combined,foundation,3,0,True,True,False,False,False,0011000101
biology/organisation/transpiration,biology,combined,foundation,3,0,True,True,False,False,False,0011000101
biology/organisation/translocation,biology,combined,foundation,3,0,True,True,False,False,False,0011000101
biology/infection-response/communicable-diseases-defence,biology,combined,foundation,4,0,True,True,False,False,False,0011000101
biology/infection-response/viral-diseases,biology,combined,foundation,3,0,True,True,False,False,False,0011000101
biology/infection-response/bacterial-diseases,biology,combined,foundation,2,0,True,True,False,False,False,0011000101
biology/infection-response/fungal-protist-diseases,biology,combined,foundation,2,0,True,True,False,False,False,0011000101
biology/infection-response/vaccination,biology,combined,foundation,3,0,True,True,False,False,False,0011000101
biology/infection-response/antibiotics-painkillers,biology,combined,foundation,2,0,True,True,False,False,False,0011000101
biology/infection-response/drug-discovery-development,biology,combined,foundation,3,0,True,True,False,False,False,0011000101
biology/bioenergetics/photosynthesis,biology,combined,foundation,4,0,True,True,True,True,False,0111001101
biology/bioenergetics/rate-of-photosynthesis,biology,combined,foundation,3,0,True,True,False,True,False,0011001101
biology/bioenergetics/uses-of-glucose,biology,combined,foundation,3,0,True,True,False,False,False,0011000101
biology/bioenergetics/aerobic-respiration,biology,combined,foundation,3,0,True,True,True,False,False,0111000101
biology/bioenergetics/anaerobic-respiration,biology,combined,foundation,4,0,True,True,True,False,False,0111000101
biology/bioenergetics/response-to-exercise,biology,combined,foundation,3,0,True,True,False,False,False,0011000101
biology/bioenergetics/metabolism,biology,combined,foundation,3,0,True,True,False,False,False,0011000101
biology/homeostasis/homeostasis,biology,combined,foundation,3,0,True,True,False,False,False,0011000101
biology/homeostasis/nervous-system,biology,combined,foundation,3,0,True,True,False,False,False,0011000101
biology/homeostasis/reflex-actions,biology,combined,foundation,3,0,True,True,False,False,False,0011000101
biology/homeostasis/endocrine-system,biology,combined,foundation,3,0,True,True,False,False,False,0011000101
biology/homeostasis/blood-glucose-diabetes,biology,combined,foundation,3,1,True,True,False,False,False,0011000111
biology/homeostasis/human-reproduction-hormones,biology,combined,foundation,3,0,True,True,False,False,False,0011000101
biology/homeostasis/contraception-fertility,biology,combined,foundation,3,0,True,True,False,False,False,0011000101
biology/homeostasis/reaction-time,biology,combined,foundation,2,1,True,True,True,False,False,1111000111
biology/inheritance/sexual-asexual-reproduction,biology,combined,foundation,3,0,True,True,False,False,False,0011000101
biology/inheritance/dna-genome,biology,combined,foundation,3,0,True,True,False,False,False,0011000101
biology/inheritance/genetic-inheritance,biology,combined,foundation,3,1,True,True,False,False,False,0011000111
biology/inheritance/inherited-disorders,biology,combined,foundation,2,1,True,True,False,False,False,0011000111
biology/inheritance/sex-determination,biology,combined,foundation,2,0,True,True,False,False,False,0011000101
biology/inheritance/variation,biology,combined,foundation,3,0,True,True,False,False,False,0011000101
biology/inheritance/evolution-natural-selection,biology,combined,foundation,3,0,True,True,False,False,False,0011000101
biology/inheritance/selective-breeding,biology,combined,foundation,2,0,True,True,False,False,False,0011000101
biology/inheritance/genetic-engineering,biology,combined,foundation,2,0,True,True,False,False,False,0011000101
biology/inheritance/evidence-for-evolution,biology,combined,foundation,2,0,True,True,False,False,False,0011000101
biology/inheritance/fossils-extinction,biology,combined,foundation,2,0,True,True,False,False,False,0011000101
biology/inheritance/resistant-bacteria,biology,combined,foundation,3,0,True,True,False,False,False,0011000101
biology/ecology/ecosystems,biology,combined,foundation,3,0,True,True,False,False,False,0011000101
biology/ecology/abiotic-biotic-factors,biology,combined,foundation,2,0,True,True,False,False,False,0011000101
biology/ecology/adaptations,biology,combined,foundation,2,0,True,True,False,False,False,0011000101
biology/ecology/food-chains-webs,biology,combined,foundation,2,0,True,True,False,False,False,0011000101
biology/ecology/population-competition,biology,combined,foundation,2,0,True,True,False,False,False,0011000101
biology/ecology/biodiversity,biology,combined,foundation,2,0,True,True,False,False,False,0011000101
biology/ecology/waste-management,biology,combined,foundation,2,0,True,True,False,False,False,0011000101
biology/ecology/land-use,biology,combined,foundation,2,0,True,True,False,False,False,0011000101
biology/ecology/deforestation,biology,combined,foundation,2,0,True,True,False,False,False,0011000101
biology/ecology/global-warming,biology,combined,foundation,2,0,True,True,False,False,False,0011000101
biology/ecology/maintaining-biodiversity,biology,combined,foundation,2,0,True,True,False,False,False,0011000101
biology/ecology/carbon-cycle,biology,combined,foundation,2,0,True,True,False,False,False,0011000101
biology/ecology/water-cycle,biology,combined,foundation,2,0,True,True,False,False,False,0011000101
biology/ecology/decomposition,biology,combined,foundation,2,0,True,True,False,True,False,0011001101
biology/ecology/sampling-techniques,biology,combined,foundation,3,1,True,True,True,True,False,1111001111
biology/cell-biology/eukaryotes-prokaryotes,biology,combined,higher,5,2,True,True,True,False,False,1111000111
biology/cell-biology/animal-plant-cells,biology,combined,higher,5,0,True,True,False,True,False,0011001101
biology/cell-biology/cell-specialisation,biology,combined,higher,4,0,True,True,False,False,False,0011000101
biology/cell-biology/microscopy,biology,combined,higher,5,3,True,True,True,True,False,1111101111
biology/cell-biology/chromosomes-mitosis,biology,combined,higher,5,0,True,True,False,False,False,0011100101
biology/cell-biology/stem-cells,biology,combined,higher,4,0,True,True,False,False,False,0011100101
biology/cell-biology/transport-in-cells,biology,combined,higher,5,1,True,True,False,True,False,0011101111
biology/organisation/principles-of-organisation,biology,combined,higher,4,0,True,True,False,False,False,0011000101
biology/organisation/digestive-system,biology,combined,higher,5,0,True,True,False,True,False,0011101101
biology/organisation/enzymes,biology,combined,higher,5,0,True,True,False,True,False,0011001101
biology/organisation/heart-blood-vessels,biology,combined,higher,4,0,True,True,False,False,False,0011100101
biology/organisation/blood,biology,combined,higher,4,0,True,True,False,False,False,0011000101
biology/organisation/coronary-heart-disease,biology,combined,higher,3,0,True,True,False,False,False,0011100101
biology/organisation/health-disease,biology,combined,higher,3,0,True,True,False,False,False,0011100101
biology/organisation/cancer,biology,combined,higher,3,0,True,True,False,False,False,0011100101
biology/organisation/plant-tissues,biology,combined,higher,3,0,True,True,False,False,False,0011100101
biology/organisation/transpiration,biology,combined,higher,3,0,True,True,False,False,False,0011100101
biology/organisation/translocation,biology,combined,higher,3,0,True,True,False,False,False,0011100101
biology/infection-response/communicable-diseases-defence,biology,combined,higher,4,0,True,True,False,False,False,0011100101
biology/infection-response/viral-diseases,biology,combined,higher,3,0,True,True,False,False,False,0011000101
biology/infection-response/bacterial-diseases,biology,combined,higher,2,0,True,True,False,False,False,0011000101
biology/infection-response/fungal-protist-diseases,biology,combined,higher,2,0,True,True,False,False,False,0011000101
biology/infection-response/vaccination,biology,combined,higher,3,0,True,True,False,False,False,0011100101
biology/infection-response/antibiotics-painkillers,biology,combined,higher,2,0,True,True,False,False,False,0011100101
biology/infection-response/drug-discovery-development,biology,combined,higher,3,0,True,True,False,False,False,0011100101
biology/bioenergetics/photosynthesis,biology,combined,higher,4,0,True,True,True,True,False,0111001101
biology/bioenergetics/rate-of-photosynthesis,biology,combined,higher,3,0,True,True,False,True,False,0011101101
biology/bioenergetics/uses-of-glucose,biology,combined,higher,3,0,True,True,False,False,False,0011000101
biology/bioenergetics/aerobic-respiration,biology,combined,higher,3,0,True,True,True,False,False,0111100101
biology/bioenergetics/anaerobic-respiration,biology,combined,higher,4,0,True,True,True,False,False,0111000101
biology/bioenergetics/response-to-exercise,biology,combined,higher,3,0,True,True,False,False,False,0011000101
biology/bioenergetics/metabolism,biology,combined,higher,3,0,True,True,False,False,False,0011100101
biology/homeostasis/homeostasis,biology,combined,higher,3,0,True,True,False,False,False,0011100101
biology/homeostasis/nervous-system,biology,combined,higher,3,0,True,True,False,False,False,0011100101
biology/homeostasis/reflex-actions,biology,combined,higher,3,0,True,True,False,False,False,0011000101
biology/homeostasis/endocrine-system,biology,combined,higher,3,0,True,True,False,False,False,0011100101
biology/homeostasis/blood-glucose-diabetes,biology,combined,higher,3,1,True,True,False,False,False,0011100111
biology/homeostasis/human-reproduction-hormones,biology,combined,higher,3,0,True,True,False,False,False,0011100101
biology/homeostasis/contraception-fertility,biology,combined,higher,3,0,True,True,False,False,False,0011100101
biology/homeostasis/reaction-time,biology,combined,higher,2,1,True,True,True,False,False,1111000111
biology/inheritance/sexual-asexual-reproduction,biology,combined,higher,3,0,True,True,False,False,False,0011100101
biology/inheritance/dna-genome,biology,combined,higher,3,0,True,True,False,False,False,0011100101
biology/inheritance/genetic-inheritance,biology,combined,higher,3,1,True,True,False,False,False,0011100111
biology/inheritance/inherited-disorders,biology,combined,higher,2,1,True,True,False,False,False,0011100111
biology/inheritance/sex-determination,biology,combined,higher,2,0,True,True,False,False,False,0011100101
biology/inheritance/variation,biology,combined,higher,3,0,True,True,False,False,False,0011100101
biology/inheritance/evolution-natural-selection,biology,combined,higher,3,0,True,True,False,False,False,0011100101
biology/inheritance/selective-breeding,biology,combined,higher,2,0,True,True,False,False,False,0011100101
biology/inheritance/genetic-engineering,biology,combined,higher,2,0,True,True,False,False,False,0011100101
biology/inheritance/evidence-for-evolution,biology,combined,higher,2,0,True,True,False,False,False,0011100101
biology/inheritance/fossils-extinction,biology,combined,higher,2,0,True,True,False,False,False,0011000101
biology/inheritance/resistant-bacteria,biology,combined,higher,3,0,True,True,False,False,False,0011100101
biology/ecology/ecosystems,biology,combined,higher,3,0,True,True,False,False,False,0011100101
biology/ecology/abiotic-biotic-factors,biology,combined,higher,2,0,True,True,False,False,False,0011100101
biology/ecology/adaptations,biology,combined,higher,2,0,True,True,False,False,False,0011000101
biology/ecology/food-chains-webs,biology,combined,higher,2,0,True,True,False,False,False,0011100101
biology/ecology/population-competition,biology,combined,higher,2,0,True,True,False,False,False,0011100101
biology/ecology/biodiversity,biology,combined,higher,2,0,True,True,False,False,False,0011100101
biology/ecology/waste-management,biology,combined,higher,2,0,True,True,False,False,False,0011000101
biology/ecology/land-use,biology,combined,higher,2,0,True,True,False,False,False,0011000101
biology/ecology/deforestation,biology,combined,higher,2,0,True,True,False,False,False,0011000101
biology/ecology/global-warming,biology,combined,higher,2,0,True,True,False,False,False,0011000101
biology/ecology/maintaining-biodiversity,biology,combined,higher,2,0,True,True,False,False,False,0011000101
biology/ecology/carbon-cycle,biology,combined,higher,2,0,True,True,False,False,False,0011100101
biology/ecology/water-cycle,biology,combined,higher,2,0,True,True,False,False,False,0011000101
biology/ecology/decomposition,biology,combined,higher,2,0,True,True,False,True,False,0011101101
biology/ecology/sampling-techniques,biology,combined,higher,3,1,True,True,True,True,False,1111101111
biology/cell-biology/eukaryotes-prokaryotes,biology,triple,foundation,5,2,True,True,True,False,False,1111000111
biology/cell-biology/animal-plant-cells,biology,triple,foundation,5,0,True,True,False,True,False,0011001101
biology/cell-biology/cell-specialisation,biology,triple,foundation,4,0,True,True,False,False,False,0011000101
biology/cell-biology/microscopy,biology,triple,foundation,5,3,True,True,True,True,False,1111001111
biology/cell-biology/chromosomes-mitosis,biology,triple,foundation,5,0,True,True,False,False,False,0011000101
biology/cell-biology/stem-cells,biology,triple,foundation,4,0,True,True,False,False,False,0011000101
biology/cell-biology/transport-in-cells,biology,triple,foundation,5,1,True,True,False,True,False,0011001111
biology/cell-biology/culturing-microorganisms,biology,triple,foundation,3,1,True,True,True,True,False,0111001111
biology/organisation/principles-of-organisation,biology,triple,foundation,4,0,True,True,False,False,False,0011000101
biology/organisation/digestive-system,biology,triple,foundation,5,0,True,True,False,True,False,0011001101
biology/organisation/enzymes,biology,triple,foundation,5,0,True,True,False,True,False,0011001101
biology/organisation/heart-blood-vessels,biology,triple,foundation,4,0,True,True,False,False,False,0011000101
biology/organisation/blood,biology,triple,foundation,4,0,True,True,False,False,False,0011000101
biology/organisation/coronary-heart-disease,biology,triple,foundation,3,0,True,True,False,False,False,0011000101
biology/organisation/health-disease,biology,triple,foundation,3,0,True,True,False,False,False,0011000101
biology/organisation/cancer,biology,triple,foundation,3,0,True,True,False,False,False,0011000101
biology/organisation/plant-tissues,biology,triple,foundation,3,0,True,True,False,False,False,0011000101
biology/organisation/transpiration,biology,triple,foundation,3,0,True,True,False,False,False,0011000101
biology/organisation/translocation,biology,triple,foundation,3,0,True,True,False,False,False,0011000101
biology/infection-response/communicable-diseases-defence,biology,triple,foundation,4,0,True,True,False,False,False,0011000101
biology/infection-response/viral-diseases,biology,triple,foundation,3,0,True,True,False,False,False,0011000101
biology/infection-response/bacterial-diseases,biology,triple,foundation,2,0,True,True,False,False,False,0011000101
biology/infection-response/fungal-protist-diseases,biology,triple,foundation,2,0,True,True,False,False,False,0011000101
biology/infection-response/vaccination,biology,triple,foundation,3,0,True,True,False,False,False,0011000101
biology/infection-response/antibiotics-painkillers,biology,triple,foundation,2,0,True,True,False,False,False,0011000101
biology/infection-response/drug-discovery-development,biology,triple,foundation,3,0,True,True,False,False,False,0011000101
biology/infection-response/plant-disease-detection-defence,biology,triple,foundation,3,0,True,True,False,False,False,0011000101
biology/bioenergetics/photosynthesis,biology,triple,foundation,4,0,True,True,True,True,False,0111001101
biology/bioenergetics/rate-of-photosynthesis,biology,triple,foundation,3,0,True,True,False,True,False,0011001101
biology/bioenergetics/uses-of-glucose,biology,triple,foundation,3,0,True,True,False,False,False,0011000101
biology/bioenergetics/aerobic-respiration,biology,triple,foundation,3,0,True,True,True,False,False,0111000101
biology/bioenergetics/anaerobic-respiration,biology,triple,foundation,4,0,True,True,True,False,False,0111000101
biology/bioenergetics/response-to-exercise,biology,triple,foundation,3,0,True,True,False,False,False,0011000101
biology/bioenergetics/metabolism,biology,triple,foundation,3,0,True,True,False,False,False,0011000101
biology/homeostasis/homeostasis,biology,triple,foundation,3,0,True,True,False,False,False,0011000101
biology/homeostasis/nervous-system,biology,triple,foundation,3,0,True,True,False,False,False,0011000101
biology/homeostasis/reflex-actions,biology,triple,foundation,3,0,True,True,False,False,False,0011000101
biology/homeostasis/thermoregulation,biology,triple,foundation,3,0,True,True,False,False,False,0011000101
biology/homeostasis/endocrine-system,biology,triple,foundation,3,0,True,True,False,False,False,0011000101
biology/homeostasis/blood-glucose-diabetes,biology,triple,foundation,3,1,True,True,False,False,False,0011000111
biology/homeostasis/human-reproduction-hormones,biology,triple,foundation,3,0,True,True,False,False,False,0011000101
biology/homeostasis/contraception-fertility,biology,triple,foundation,3,0,True,True,False,False,False,0011000101
biology/homeostasis/reaction-time,biology,triple,foundation,2,1,True,True,True,False,False,1111000111
biology/homeostasis/the-brain,biology,triple,foundation,2,0,True,True,False,False,False,0011000101
biology/homeostasis/the-eye,biology,triple,foundation,2,0,True,True,False,False,False,0011000101
biology/homeostasis/defects-of-the-eye,biology,triple,foundation,2,0,True,True,False,False,False,0011000101
biology/inheritance/sexual-asexual-reproduction,biology,triple,foundation,3,0,True,True,False,False,False,0011000101
biology/inheritance/meiosis,biology,triple,foundation,2,0,True,True,False,False,False,0011010101
biology/inheritance/advantages-sexual-asexual,biology,triple,foundation,2,0,True,True,False,False,False,0011010101
biology/inheritance/dna-genome,biology,triple,foundation,3,0,True,True,False,False,False,0011000101
biology/inheritance/dna-structure,biology,triple,foundation,2,0,True,True,False,False,False,0011010101
biology/inheritance/genetic-inheritance,biology,triple,foundation,3,1,True,True,False,False,False,0011000111
biology/inheritance/inherited-disorders,biology,triple,foundation,2,1,True,True,False,False,False,0011000111
biology/inheritance/sex-determination,biology,triple,foundation,2,0,True,True,False,False,False,0011000101
biology/inheritance/variation,biology,triple,foundation,3,0,True,True,False,False,False,0011000101
biology/inheritance/evolution-natural-selection,biology,triple,foundation,3,0,True,True,False,False,False,0011000101
biology/inheritance/theory-of-evolution,biology,triple,foundation,2,0,True,True,False,False,False,0011010101
biology/inheritance/selective-breeding,biology,triple,foundation,2,0,True,True,False,False,False,0011000101
biology/inheritance/genetic-engineering,biology,triple,foundation,2,0,True,True,False,False,False,0011000101
biology/inheritance/cloning,biology,triple,foundation,2,0,True,True,False,False,False,0011010101
biology/inheritance/evidence-for-evolution,biology,triple,foundation,2,0,True,True,False,False,False,0011000101
biology/inheritance/understanding-genetics,biology,triple,foundation,2,0,True,True,False,False,False,0011010101
biology/inheritance/fossils-extinction,biology,triple,foundation,2,0,True,True,False,False,False,0011000101
biology/inheritance/resistant-bacteria,biology,triple,foundation,3,0,True,True,False,False,False,0011000101
biology/inheritance/classification-living-organisms,biology,triple,foundation,2,0,True,True,False,False,False,0011010101
biology/ecology/ecosystems,biology,triple,foundation,3,0,True,True,False,False,False,0011000101
biology/ecology/abiotic-biotic-factors,biology,triple,foundation,2,0,True,True,False,False,False,0011000101
biology/ecology/adaptations,biology,triple,foundation,2,0,True,True,False,False,False,0011000101
biology/ecology/food-chains-webs,biology,triple,foundation,2,0,True,True,False,False,False,0011000101
biology/ecology/population-competition,biology,triple,foundation,2,0,True,True,False,False,False,0011000101
biology/ecology/biodiversity,biology,triple,foundation,2,0,True,True,False,False,False,0011000101
biology/ecology/waste-management,biology,triple,foundation,2,0,True,True,False,False,False,0011000101
biology/ecology/land-use,biology,triple,foundation,2,0,True,True,False,False,False,0011000101
biology/ecology/deforestation,biology,triple,foundation,2,0,True,True,False,False,False,0011000101
biology/ecology/global-warming,biology,triple,foundation,2,0,True,True,False,False,False,0011000101
biology/ecology/maintaining-biodiversity,biology,triple,foundation,2,0,True,True,False,False,False,0011000101
biology/ecology/carbon-cycle,biology,triple,foundation,2,0,True,True,False,False,False,0011000101
biology/ecology/water-cycle,biology,triple,foundation,2,0,True,True,False,False,False,0011000101
biology/ecology/decomposition,biology,triple,foundation,2,0,True,True,False,True,False,0011001101
biology/ecology/trophic-levels,biology,triple,foundation,2,0,True,True,False,False,False,0011010101
biology/ecology/pyramids-of-biomass,biology,triple,foundation,2,0,True,True,False,False,False,0011010101
biology/ecology/transfer-of-biomass,biology,triple,foundation,2,1,True,True,True,False,False,0111010111
biology/ecology/sampling-techniques,biology,triple,foundation,3,1,True,True,True,True,False,1111001111
biology/ecology/factors-affecting-food-security,biology,triple,foundation,2,0,True,True,False,False,False,0011010101
biology/ecology/farming-techniques,biology,triple,foundation,2,0,True,True,False,False,False,0011010101
biology/ecology/sustainable-fisheries,biology,triple,foundation,2,0,True,True,False,False,False,0011010101
biology/ecology/role-of-biotechnology,biology,triple,foundation,2,0,True,True,False,False,False,0011010101
biology/cell-biology/eukaryotes-prokaryotes,biology,triple,higher,5,2,True,True,True,False,False,1111000111
biology/cell-biology/animal-plant-cells,biology,triple,higher,5,0,True,True,False,True,False,0011001101
biology/cell-biology/cell-specialisation,biology,triple,higher,4,0,True,True,False,False,False,0011000101
biology/cell-biology/microscopy,biology,triple,higher,5,3,True,True,True,True,False,1111101111
biology/cell-biology/chromosomes-mitosis,biology,triple,higher,5,0,True,True,False,False,False,0011100101
biology/cell-biology/stem-cells,biology,triple,higher,4,0,True,True,False,False,False,0011100101
biology/cell-biology/transport-in-cells,biology,triple,higher,5,1,True,True,False,True,False,0011101111
biology/cell-biology/culturing-microorganisms,biology,triple,higher,3,1,True,True,True,True,False,0111001111
biology/organisation/principles-of-organisation,biology,triple,higher,4,0,True,True,False,False,False,0011000101
biology/organisation/digestive-system,biology,triple,higher,5,0,True,True,False,True,False,0011101101
biology/organisation/enzymes,biology,triple,higher,5,0,True,True,False,True,False,0011001101
biology/organisation/heart-blood-vessels,biology,triple,higher,4,0,True,True,False,False,False,0011100101
biology/organisation/blood,biology,triple,higher,4,0,True,True,False,False,False,0011000101
biology/organisation/coronary-heart-disease,biology,triple,higher,3,0,True,True,False,False,False,0011100101
biology/organisation/health-disease,biology,triple,higher,3,0,True,True,False,False,False,0011100101
biology/organisation/cancer,biology,triple,higher,3,0,True,True,False,False,False,0011100101
biology/organisation/plant-tissues,biology,triple,higher,3,0,True,True,False,False,False,0011100101
biology/organisation/transpiration,biology,triple,higher,3,0,True,True,False,False,False,0011100101
biology/organisation/translocation,biology,triple,higher,3,0,True,True,False,False,False,0011100101
biology/infection-response/communicable-diseases-defence,biology,triple,higher,4,0,True,True,False,False,False,0011100101
biology/infection-response/viral-diseases,biology,triple,higher,3,0,True,True,False,False,False,0011000101
biology/infection-response/bacterial-diseases,biology,triple,higher,2,0,True,True,False,False,False,0011000101
biology/infection-response/fungal-protist-diseases,biology,triple,higher,2,0,True,True,False,False,False,0011000101
biology/infection-response/vaccination,biology,triple,higher,3,0,True,True,False,False,False,0011100101
biology/infection-response/antibiotics-painkillers,biology,triple,higher,2,0,True,True,False,False,False,0011100101
biology/infection-response/drug-discovery-development,biology,triple,higher,3,0,True,True,False,False,False,0011100101
biology/infection-response/plant-disease-detection-defence,biology,triple,higher,3,0,True,True,False,False,False,0011000101
biology/infection-response/monoclonal-antibodies,biology,triple,higher,3,0,True,True,False,False,False,0011000101
biology/bioenergetics/photosynthesis,biology,triple,higher,4,0,True,True,True,True,False,0111001101
biology/bioenergetics/rate-of-photosynthesis,biology,triple,higher,3,0,True,True,False,True,False,0011101101
biology/bioenergetics/uses-of-glucose,biology,triple,higher,3,0,True,True,False,False,False,0011000101
biology/bioenergetics/aerobic-respiration,biology,triple,higher,3,0,True,True,True,False,False,0111100101
biology/bioenergetics/anaerobic-respiration,biology,triple,higher,4,0,True,True,True,False,False,0111000101
biology/bioenergetics/response-to-exercise,biology,triple,higher,3,0,True,True,False,False,False,0011000101
biology/bioenergetics/metabolism,biology,triple,higher,3,0,True,True,False,False,False,0011100101
biology/homeostasis/homeostasis,biology,triple,higher,3,0,True,True,False,False,False,0011100101
biology/homeostasis/nervous-system,biology,triple,higher,3,0,True,True,False,False,False,0011100101
biology/homeostasis/reflex-actions,biology,triple,higher,3,0,True,True,False,False,False,0011000101
biology/homeostasis/thermoregulation,biology,triple,higher,3,0,True,True,False,False,False,0011100101
biology/homeostasis/endocrine-system,biology,triple,higher,3,0,True,True,False,False,False,0011100101
biology/homeostasis/blood-glucose-diabetes,biology,triple,higher,3,1,True,True,False,False,False,0011100111
biology/homeostasis/human-reproduction-hormones,biology,triple,higher,3,0,True,True,False,False,False,0011100101
biology/homeostasis/contraception-fertility,biology,triple,higher,3,0,True,True,False,False,False,0011100101
biology/homeostasis/reaction-time,biology,triple,higher,2,1,True,True,True,False,False,1111000111
biology/homeostasis/the-brain,biology,triple,higher,2,0,True,True,False,False,False,0011000101
biology/homeostasis/the-eye,biology,triple,higher,2,0,True,True,False,False,False,0011000101
biology/homeostasis/defects-of-the-eye,biology,triple,higher,2,0,True,True,False,False,False,0011000101
biology/inheritance/sexual-asexual-reproduction,biology,triple,higher,3,0,True,True,False,False,False,0011100101
biology/inheritance/meiosis,biology,triple,higher,2,0,True,True,False,False,False,0011110101
biology/inheritance/advantages-sexual-asexual,biology,triple,higher,2,0,True,True,False,False,False,0011110101
biology/inheritance/dna-genome,biology,triple,higher,3,0,True,True,False,False,False,0011100101
biology/inheritance/dna-structure,biology,triple,higher,2,0,True,True,False,False,False,0011110101
biology/inheritance/genetic-inheritance,biology,triple,higher,3,1,True,True,False,False,False,0011100111
biology/inheritance/inherited-disorders,biology,triple,higher,2,1,True,True,False,False,False,0011100111
biology/inheritance/sex-determination,biology,triple,higher,2,0,True,True,False,False,False,0011100101
biology/inheritance/variation,biology,triple,higher,3,0,True,True,False,False,False,0011100101
biology/inheritance/evolution-natural-selection,biology,triple,higher,3,0,True,True,False,False,False,0011100101
biology/inheritance/theory-of-evolution,biology,triple,higher,2,0,True,True,False,False,False,0011110101
biology/inheritance/selective-breeding,biology,triple,higher,2,0,True,True,False,False,False,0011100101
biology/inheritance/genetic-engineering,biology,triple,higher,2,0,True,True,False,False,False,0011100101
biology/inheritance/cloning,biology,triple,higher,2,0,True,True,False,False,False,0011110101
biology/inheritance/evidence-for-evolution,biology,triple,higher,2,0,True,True,False,False,False,0011100101
biology/inheritance/understanding-genetics,biology,triple,higher,2,0,True,True,False,False,False,0011110101
biology/inheritance/fossils-extinction,biology,triple,higher,2,0,True,True,False,False,False,0011000101
biology/inheritance/resistant-bacteria,biology,triple,higher,3,0,True,True,False,False,False,0011100101
biology/inheritance/classification-living-organisms,biology,triple,higher,2,0,True,True,False,False,False,0011110101
biology/ecology/ecosystems,biology,triple,higher,3,0,True,True,False,False,False,0011100101
biology/ecology/abiotic-biotic-factors,biology,triple,higher,2,0,True,True,False,False,False,0011100101
biology/ecology/adaptations,biology,triple,higher,2,0,True,True,False,False,False,0011000101
biology/ecology/food-chains-webs,biology,triple,higher,2,0,True,True,False,False,False,0011100101
biology/ecology/population-competition,biology,triple,higher,2,0,True,True,False,False,False,0011100101
biology/ecology/biodiversity,biology,triple,higher,2,0,True,True,False,False,False,0011100101
biology/ecology/waste-management,biology,triple,higher,2,0,True,True,False,False,False,0011000101
biology/ecology/land-use,biology,triple,higher,2,0,True,True,False,False,False,0011000101
biology/ecology/deforestation,biology,triple,higher,2,0,True,True,False,False,False,0011000101
biology/ecology/global-warming,biology,triple,higher,2,0,True,True,False,False,False,0011000101
biology/ecology/maintaining-biodiversity,biology,triple,higher,2,0,True,True,False,False,False,0011000101
biology/ecology/carbon-cycle,biology,triple,higher,2,0,True,True,False,False,False,0011100101
biology/ecology/water-cycle,biology,triple,higher,2,0,True,True,False,False,False,0011000101
biology/ecology/decomposition,biology,triple,higher,2,0,True,True,False,True,False,0011101101
biology/ecology/trophic-levels,biology,triple,higher,2,0,True,True,False,False,False,0011110101
biology/ecology/pyramids-of-biomass,biology,triple,higher,2,0,True,True,False,False,False,0011110101
biology/ecology/transfer-of-biomass,biology,triple,higher,2,1,True,True,True,False,False,0111110111
biology/ecology/sampling-techniques,biology,triple,higher,3,1,True,True,True,True,False,1111101111
biology/ecology/environmental-change,biology,triple,higher,2,0,True,True,False,False,False,0011000101
biology/ecology/factors-affecting-food-security,biology,triple,higher,2,0,True,True,False,False,False,0011110101
biology/ecology/farming-techniques,biology,triple,higher,2,0,True,True,False,False,False,0011110101
biology/ecology/sustainable-fisheries,biology,triple,higher,2,0,True,True,False,False,False,0011110101
biology/ecology/role-of-biotechnology,biology,triple,higher,2,0,True,True,False,False,False,0011110101
chemistry/atomic-structure/atoms-elements-compounds,chemistry,combined,foundation,4,0,True,True,False,False,False,0011000101
chemistry/atomic-structure/mixtures,chemistry,combined,foundation,3,1,True,True,True,True,False,1111001111
chemistry/atomic-structure/model-of-the-atom,chemistry,combined,foundation,2,0,True,True,False,False,False,0011000101
chemistry/atomic-structure/subatomic-particles,chemistry,combined,foundation,2,0,True,True,False,False,False,0011000101
chemistry/atomic-structure/relative-atomic-mass,chemistry,combined,foundation,2,1,True,True,True,False,False,0111000111
chemistry/atomic-structure/electronic-structure,chemistry,combined,foundation,2,0,True,True,False,False,False,0011000101
chemistry/atomic-structure/periodic-table,chemistry,combined,foundation,2,0,True,True,False,False,False,0011000101
chemistry/atomic-structure/development-periodic-table,chemistry,combined,foundation,2,0,True,True,False,False,False,0011000101
chemistry/atomic-structure/metals-non-metals,chemistry,combined,foundation,2,0,True,True,False,False,False,0011000101
chemistry/atomic-structure/group-0,chemistry,combined,foundation,2,0,True,True,False,False,False,0011000101
chemistry/atomic-structure/group-1,chemistry,combined,foundation,2,0,True,True,True,False,False,0111000101
chemistry/atomic-structure/group-7,chemistry,combined,foundation,3,0,True,True,True,False,False,0111000101
chemistry/bonding/chemical-bonds,chemistry,combined,foundation,10,0,True,True,False,False,True,0011000101
chemistry/bonding/ionic-bonding,chemistry,combined,foundation,10,0,True,True,False,False,True,0011000101
chemistry/bonding/ionic-compounds,chemistry,combined,foundation,10,0,True,True,False,False,True,0011000101
chemistry/bonding/covalent-bonding,chemistry,combined,foundation,10,0,True,True,False,False,True,0011000101
chemistry/bonding/metallic-bonding,chemistry,combined,foundation,10,0,True,True,False,False,True,0011000101
chemistry/bonding/states-of-matter,chemistry,combined,foundation,10,0,True,True,False,False,True,0011000101
chemistry/bonding/properties-ionic-compounds,chemistry,combined,foundation,10,0,True,True,False,False,True,0011000101
chemistry/bonding/properties-small-molecules,chemistry,combined,foundation,10,0,True,True,False,False,True,0011000101
chemistry/bonding/polymers,chemistry,combined,foundation,10,0,True,True,True,False,True,0111000101
chemistry/bonding/giant-covalent-structures,chemistry,combined,foundation,10,0,True,True,False,False,True,0011000101
chemistry/bonding/metals-alloys,chemistry,combined,foundation,10,0,True,True,False,False,True,0011000101
chemistry/quantitative/conservation-of-mass,chemistry,combined,foundation,3,0,True,True,False,False,False,0011000101
chemistry/quantitative/relative-formula-mass,chemistry,combined,foundation,2,1,True,True,True,False,False,1111000111
chemistry/quantitative/mass-changes-reactions,chemistry,combined,foundation,2,1,True,True,False,False,False,0011000111
chemistry/quantitative/chemical-measurements,chemistry,combined,foundation,2,1,True,True,True,False,False,1111000111
chemistry/quantitative/concentration-of-solutions,chemistry,combined,foundation,2,1,True,True,True,False,False,1111000111
chemistry/chemical-changes/reactivity-series,chemistry,combined,foundation,2,0,True,True,True,False,False,0111000101
chemistry/chemical-changes/extraction-of-metals,chemistry,combined,foundation,2,0,True,True,True,False,False,0111000101
chemistry/chemical-changes/oxidation-reduction,chemistry,combined,foundation,2,0,True,True,True,False,False,0111000101
chemistry/chemical-changes/reactions-of-acids,chemistry,combined,foundation,2,0,True,True,True,False,False,0111000101
chemistry/chemical-changes/salts-neutralisation,chemistry,combined,foundation,2,0,True,True,True,True,False,0111001101
chemistry/chemical-changes/ph-scale,chemistry,combined,foundation,2,0,True,True,False,False,False,0011000101
chemistry/chemical-changes/electrolysis-principles,chemistry,combined,foundation,2,0,True,True,False,False,False,0011000101
chemistry/chemical-changes/electrolysis-molten,chemistry,combined,foundation,2,0,True,True,True,True,False,0111001101
chemistry/chemical-changes/electrolysis-extraction,chemistry,combined,foundation,2,0,True,True,True,False,False,0111000101
chemistry/chemical-changes/electrolysis-aqueous,chemistry,combined,foundation,2,0,True,True,True,True,False,0111001101
chemistry/energy-changes/exothermic-endothermic,chemistry,combined,foundation,2,1,True,True,True,True,False,1111001111
chemistry/energy-changes/reaction-profiles,chemistry,combined,foundation,2,0,True,True,True,False,False,1111000101
chemistry/rates-equilibrium/calculating-rates,chemistry,combined,foundation,2,1,True,True,True,True,False,1111001111
chemistry/rates-equilibrium/factors-affecting-rate,chemistry,combined,foundation,2,0,True,True,False,True,False,0011001101
chemistry/rates-equilibrium/collision-theory,chemistry,combined,foundation,2,0,True,True,False,False,False,1011000101
chemistry/rates-equilibrium/catalysts,chemistry,combined,foundation,2,0,True,True,False,False,False,0011000101
chemistry/rates-equilibrium/reversible-reactions-equilibrium,chemistry,combined,foundation,2,0,True,True,True,False,False,0111000101
chemistry/organic/crude-oil-hydrocarbons,chemistry,combined,foundation,2,0,True,True,True,False,False,0111000101
chemistry/organic/fractional-distillation,chemistry,combined,foundation,2,0,True,True,False,False,False,0011000101
chemistry/organic/properties-of-hydrocarbons,chemistry,combined,foundation,2,0,True,True,True,False,False,0111000101
chemistry/organic/cracking-alkenes,chemistry,combined,foundation,2,0,True,True,True,False,False,0111000101
chemistry/analysis/pure-substances,chemistry,combined,foundation,2,0,True,True,False,False,False,0011000101
chemistry/analysis/formulations,chemistry,combined,foundation,2,0,True,True,False,False,False,0011000101
chemistry/analysis/chromatography,chemistry,combined,foundation,2,1,True,True,True,True,False,1111001111
chemistry/analysis/testing-for-gases,chemistry,combined,foundation,2,0,True,True,True,False,False,0111000101
chemistry/atmosphere/composition-of-atmosphere,chemistry,combined,foundation,2,0,True,True,False,False,False,0011000101
chemistry/atmosphere/early-atmosphere,chemistry,combined,foundation,2,0,True,True,True,False,False,0111000101
chemistry/atmosphere/greenhouse-gases,chemistry,combined,foundation,2,0,True,True,False,False,False,0011000101
chemistry/atmosphere/atmospheric-pollutants,chemistry,combined,foundation,2,0,True,True,True,False,False,0111000101
chemistry/resources/earths-resources,chemistry,combined,foundation,2,0,True,True,False,False,False,0011000101
chemistry/resources/potable-water,chemistry,combined,foundation,2,0,True,True,False,True,False,0011001101
chemistry/resources/life-cycle-assessment,chemistry,combined,foundation,2,0,True,True,False,False,False,0011000101
chemistry/resources/reducing-use-of-resources,chemistry,combined,foundation,2,0,True,True,False,False,False,0011000101
chemistry/atomic-structure/atoms-elements-compounds,chemistry,combined,higher,4,0,True,True,False,False,False,0011000101
chemistry/atomic-structure/mixtures,chemistry,combined,higher,3,1,True,True,True,True,False,1111001111
chemistry/atomic-structure/model-of-the-atom,chemistry,combined,higher,2,0,True,True,False,False,False,0011000101
chemistry/atomic-structure/subatomic-particles,chemistry,combined,higher,2,0,True,True,False,False,False,0011000101
chemistry/atomic-structure/relative-atomic-mass,chemistry,combined,higher,2,1,True,True,True,False,False,0111100111
chemistry/atomic-structure/electronic-structure,chemistry,combined,higher,2,0,True,True,False,False,False,0011100101
chemistry/atomic-structure/periodic-table,chemistry,combined,higher,2,0,True,True,False,False,False,0011100101
chemistry/atomic-structure/development-periodic-table,chemistry,combined,higher,2,0,True,True,False,False,False,0011000101
chemistry/atomic-structure/metals-non-metals,chemistry,combined,higher,2,0,True,True,False,False,False,0011000101
chemistry/atomic-structure/group-0,chemistry,combined,higher,2,0,True,True,False,False,False,0011000101
chemistry/atomic-structure/group-1,chemistry,combined,higher,2,0,True,True,True,False,False,0111100101
chemistry/atomic-structure/group-7,chemistry,combined,higher,3,0,True,True,True,False,False,0111100101
chemistry/bonding/chemical-bonds,chemistry,combined,higher,10,0,True,True,False,False,True,0011000101
chemistry/bonding/ionic-bonding,chemistry,combined,higher,10,0,True,True,False,False,True,0011000101
chemistry/bonding/ionic-compounds,chemistry,combined,higher,10,0,True,True,False,False,True,0011000101
chemistry/bonding/covalent-bonding,chemistry,combined,higher,10,0,True,True,False,False,True,0011100101
chemistry/bonding/metallic-bonding,chemistry,combined,higher,10,0,True,True,False,False,True,0011000101
chemistry/bonding/states-of-matter,chemistry,combined,higher,10,0,True,True,False,False,True,0011000101
chemistry/bonding/properties-ionic-compounds,chemistry,combined,higher,10,0,True,True,False,False,True,0011000101
chemistry/bonding/properties-small-molecules,chemistry,combined,higher,10,0,True,True,False,False,True,0011000101
chemistry/bonding/polymers,chemistry,combined,higher,10,0,True,True,True,False,True,0111000101
chemistry/bonding/giant-covalent-structures,chemistry,combined,higher,10,0,True,True,False,False,True,0011100101
chemistry/bonding/metals-alloys,chemistry,combined,higher,10,0,True,True,False,False,True,0011000101
chemistry/quantitative/conservation-of-mass,chemistry,combined,higher,3,0,True,True,False,False,False,0011100101
chemistry/quantitative/relative-formula-mass,chemistry,combined,higher,2,1,True,True,True,False,False,1111100111
chemistry/quantitative/mass-changes-reactions,chemistry,combined,higher,2,1,True,True,False,False,False,0011000111
chemistry/quantitative/chemical-measurements,chemistry,combined,higher,2,1,True,True,True,False,False,1111000111
chemistry/quantitative/concentration-of-solutions,chemistry,combined,higher,2,1,True,True,True,False,False,1111100111
chemistry/quantitative/moles,chemistry,combined,higher,2,1,True,True,True,False,False,1111000111
chemistry/quantitative/amounts-in-equations,chemistry,combined,higher,2,1,True,True,True,False,False,1111000111
chemistry/quantitative/using-moles-calculations,chemistry,combined,higher,2,1,True,True,True,False,False,1111000111
chemistry/chemical-changes/reactivity-series,chemistry,combined,higher,2,0,True,True,True,False,False,0111100101
chemistry/chemical-changes/extraction-of-metals,chemistry,combined,higher,2,0,True,True,True,False,False,0111100101
chemistry/chemical-changes/oxidation-reduction,chemistry,combined,higher,2,0,True,True,True,False,False,0111100101
chemistry/chemical-changes/reactions-of-acids,chemistry,combined,higher,2,0,True,True,True,False,False,0111100101
chemistry/chemical-changes/salts-neutralisation,chemistry,combined,higher,2,0,True,True,True,True,False,0111001101
chemistry/chemical-changes/ph-scale,chemistry,combined,higher,2,0,True,True,False,False,False,0011100101
chemistry/chemical-changes/electrolysis-principles,chemistry,combined,higher,2,0,True,True,False,False,False,0011100101
chemistry/chemical-changes/electrolysis-molten,chemistry,combined,higher,2,0,True,True,True,True,False,0111101101
chemistry/chemical-changes/electrolysis-extraction,chemistry,combined,higher,2,0,True,True,True,False,False,0111100101
chemistry/chemical-changes/electrolysis-aqueous,chemistry,combined,higher,2,0,True,True,True,True,False,0111101101
chemistry/chemical-changes/strong-weak-acids,chemistry,combined,higher,2,0,True,True,True,False,False,0111000101
chemistry/chemical-changes/half-equations,chemistry,combined,higher,2,1,True,True,True,False,False,0111000111
chemistry/energy-changes/exothermic-endothermic,chemistry,combined,higher,2,1,True,True,True,True,False,1111101111
chemistry/energy-changes/reaction-profiles,chemistry,combined,higher,2,0,True,True,True,False,False,1111100101
chemistry/energy-changes/bond-energy-calculations,chemistry,combined,higher,2,1,True,True,True,False,False,1111000111
chemistry/rates-equilibrium/calculating-rates,chemistry,combined,higher,2,1,True,True,True,True,False,1111101111
chemistry/rates-equilibrium/factors-affecting-rate,chemistry,combined,higher,2,0,True,True,False,True,False,0011001101
chemistry/rates-equilibrium/collision-theory,chemistry,combined,higher,2,0,True,True,False,False,False,1011100101
chemistry/rates-equilibrium/catalysts,chemistry,combined,higher,2,0,True,True,False,False,False,0011100101
chemistry/rates-equilibrium/reversible-reactions-equilibrium,chemistry,combined,higher,2,0,True,True,True,False,False,0111100101
chemistry/rates-equilibrium/effect-of-conditions-equilibrium,chemistry,combined,higher,2,0,True,True,True,False,False,0111000101
chemistry/organic/crude-oil-hydrocarbons,chemistry,combined,higher,2,0,True,True,True,False,False,0111100101
chemistry/organic/fractional-distillation,chemistry,combined,higher,2,0,True,True,False,False,False,0011100101
chemistry/organic/properties-of-hydrocarbons,chemistry,combined,higher,2,0,True,True,True,False,False,0111100101
chemistry/organic/cracking-alkenes,chemistry,combined,higher,2,0,True,True,True,False,False,0111100101
chemistry/analysis/pure-substances,chemistry,combined,higher,2,0,True,True,False,False,False,0011100101
chemistry/analysis/formulations,chemistry,combined,higher,2,0,True,True,False,False,False,0011100101
chemistry/analysis/chromatography,chemistry,combined,higher,2,1,True,True,True,True,False,1111101111
chemistry/analysis/testing-for-gases,chemistry,combined,higher,2,0,True,True,True,False,False,0111100101
chemistry/atmosphere/composition-of-atmosphere,chemistry,combined,higher,2,0,True,True,False,False,False,0011100101
chemistry/atmosphere/early-atmosphere,chemistry,combined,higher,2,0,True,True,True,False,False,0111100101
chemistry/atmosphere/greenhouse-gases,chemistry,combined,higher,2,0,True,True,False,False,False,0011100101
chemistry/atmosphere/atmospheric-pollutants,chemistry,combined,higher,2,0,True,True,True,False,False,0111100101
chemistry/resources/earths-resources,chemistry,combined,higher,2,0,True,True,False,False,False,0011100101
chemistry/resources/potable-water,chemistry,combined,higher,2,0,True,True,False,True,False,0011101101
chemistry/resources/life-cycle-assessment,chemistry,combined,higher,2,0,True,True,False,False,False,0011100101
chemistry/resources/reducing-use-of-resources,chemistry,combined,higher,2,0,True,True,False,False,False,0011100101
chemistry/resources/alternative-metal-extraction,chemistry,combined,higher,2,0,True,True,True,False,False,0111000101
chemistry/atomic-structure/atoms-elements-compounds,chemistry,triple,foundation,4,0,True,True,False,False,False,0011000101
chemistry/atomic-structure/mixtures,chemistry,triple,foundation,3,1,True,True,True,True,False,1111001111
chemistry/atomic-structure/model-of-the-atom,chemistry,triple,foundation,2,0,True,True,False,False,False,0011000101
chemistry/atomic-structure/subatomic-particles,chemistry,triple,foundation,2,0,True,True,False,False,False,0011000101
chemistry/atomic-structure/relative-atomic-mass,chemistry,triple,foundation,2,1,True,True,True,False,False,0111000111
chemistry/atomic-structure/electronic-structure,chemistry,triple,foundation,2,0,True,True,False,False,False,0011000101
chemistry/atomic-structure/periodic-table,chemistry,triple,foundation,2,0,True,True,False,False,False,0011000101
chemistry/atomic-structure/development-periodic-table,chemistry,triple,foundation,2,0,True,True,False,False,False,0011000101
chemistry/atomic-structure/metals-non-metals,chemistry,triple,foundation,2,0,True,True,False,False,False,0011000101
chemistry/atomic-structure/group-0,chemistry,triple,foundation,2,0,True,True,False,False,False,0011000101
chemistry/atomic-structure/group-1,chemistry,triple,foundation,2,0,True,True,True,False,False,0111000101
chemistry/atomic-structure/group-7,chemistry,triple,foundation,3,0,True,True,True,False,False,0111000101
chemistry/atomic-structure/transition-metals,chemistry,triple,foundation,2,0,True,True,False,False,False,0011010101
chemistry/bonding/chemical-bonds,chemistry,triple,foundation,12,0,True,True,False,False,True,0011000101
chemistry/bonding/ionic-bonding,chemistry,triple,foundation,12,0,True,True,False,False,True,0011000101
chemistry/bonding/ionic-compounds,chemistry,triple,foundation,12,0,True,True,False,False,True,0011000101
chemistry/bonding/covalent-bonding,chemistry,triple,foundation,12,0,True,True,False,False,True,0011000101
chemistry/bonding/metallic-bonding,chemistry,triple,foundation,12,0,True,True,False,False,True,0011000101
chemistry/bonding/states-of-matter,chemistry,triple,foundation,12,0,True,True,False,False,True,0011000101
chemistry/bonding/properties-ionic-compounds,chemistry,triple,foundation,12,0,True,True,False,False,True,0011000101
chemistry/bonding/properties-small-molecules,chemistry,triple,foundation,12,0,True,True,False,False,True,0011000101
chemistry/bonding/polymers,chemistry,triple,foundation,12,0,True,True,True,False,True,0111000101
chemistry/bonding/giant-covalent-structures,chemistry,triple,foundation,12,0,True,True,False,False,True,0011000101
chemistry/bonding/metals-alloys,chemistry,triple,foundation,12,0,True,True,False,False,True,0011000101
chemistry/bonding/nanoparticles,chemistry,triple,foundation,10,3,True,True,False,False,True,0011000111
chemistry/quantitative/conservation-of-mass,chemistry,triple,foundation,3,0,True,True,False,False,False,0011000101
chemistry/quantitative/relative-formula-mass,chemistry,triple,foundation,2,1,True,True,True,False,False,1111000111
chemistry/quantitative/mass-changes-reactions,chemistry,triple,foundation,2,1,True,True,False,False,False,0011000111
chemistry/quantitative/chemical-measurements,chemistry,triple,foundation,2,1,True,True,True,False,False,1111000111
chemistry/quantitative/percentage-yield,chemistry,triple,foundation,2,1,True,True,True,False,False,0111010111
chemistry/quantitative/atom-economy,chemistry,triple,foundation,2,1,True,True,True,False,False,0111010111
chemistry/quantitative/concentration-of-solutions,chemistry,triple,foundation,2,1,True,True,True,False,False,1111000111
chemistry/chemical-changes/reactivity-series,chemistry,triple,foundation,2,0,True,True,True,False,False,0111000101
chemistry/chemical-changes/extraction-of-metals,chemistry,triple,foundation,2,0,True,True,True,False,False,0111000101
chemistry/chemical-changes/oxidation-reduction,chemistry,triple,foundation,2,0,True,True,True,False,False,0111000101
chemistry/chemical-changes/reactions-of-acids,chemistry,triple,foundation,2,0,True,True,True,False,False,0111000101
chemistry/chemical-changes/salts-neutralisation,chemistry,triple,foundation,2,0,True,True,True,True,False,0111001101
chemistry/chemical-changes/ph-scale,chemistry,triple,foundation,2,0,True,True,False,False,False,0011000101
chemistry/chemical-changes/titrations,chemistry,triple,foundation,2,1,True,True,True,True,False,0111011111
chemistry/chemical-changes/electrolysis-principles,chemistry,triple,foundation,2,0,True,True,False,False,False,0011000101
chemistry/chemical-changes/electrolysis-molten,chemistry,triple,foundation,2,0,True,True,True,True,False,0111001101
chemistry/chemical-changes/electrolysis-extraction,chemistry,triple,foundation,2,0,True,True,True,False,False,0111000101
chemistry/chemical-changes/electrolysis-aqueous,chemistry,triple,foundation,2,0,True,True,True,True,False,0111001101
chemistry/energy-changes/exothermic-endothermic,chemistry,triple,foundation,2,1,True,True,True,True,False,1111001111
chemistry/energy-changes/reaction-profiles,chemistry,triple,foundation,2,0,True,True,True,False,False,1111000101
chemistry/energy-changes/cells-and-batteries,chemistry,triple,foundation,2,0,True,True,False,False,False,0011010101
chemistry/energy-changes/fuel-cells,chemistry,triple,foundation,2,0,True,True,True,False,False,0111010101
chemistry/rates-equilibrium/calculating-rates,chemistry,triple,foundation,2,1,True,True,True,True,False,1111001111
chemistry/rates-equilibrium/factors-affecting-rate,chemistry,triple,foundation,2,0,True,True,False,True,False,0011001101
chemistry/rates-equilibrium/collision-theory,chemistry,triple,foundation,2,0,True,True,False,False,False,1011000101
chemistry/rates-equilibrium/catalysts,chemistry,triple,foundation,2,0,True,True,False,False,False,0011000101
chemistry/rates-equilibrium/reversible-reactions-equilibrium,chemistry,triple,foundation,2,0,True,True,True,False,False,0111000101
chemistry/organic/crude-oil-hydrocarbons,chemistry,triple,foundation,2,0,True,True,True,False,False,0111000101
chemistry/organic/fractional-distillation,chemistry,triple,foundation,2,0,True,True,False,False,False,0011000101
chemistry/organic/properties-of-hydrocarbons,chemistry,triple,foundation,2,0,True,True,True,False,False,0111000101
chemistry/organic/cracking-alkenes,chemistry,triple,foundation,2,0,True,True,True,False,False,0111000101
chemistry/organic/structure-of-alkenes,chemistry,triple,foundation,2,0,True,True,True,False,False,0111010101
chemistry/organic/reactions-of-alkenes,chemistry,triple,foundation,2,0,True,True,True,False,False,0111010101
chemistry/organic/alcohols,chemistry,triple,foundation,2,0,True,True,True,False,False,0111010101
chemistry/organic/carboxylic-acids,chemistry,triple,foundation,2,0,True,True,True,False,False,0111010101
chemistry/organic/addition-polymerisation,chemistry,triple,foundation,2,0,True,True,True,False,False,0111010101
chemistry/organic/dna-naturally-occurring-polymers,chemistry,triple,foundation,2,0,True,True,False,False,False,0011010101
chemistry/analysis/pure-substances,chemistry,triple,foundation,2,0,True,True,False,False,False,0011000101
chemistry/analysis/formulations,chemistry,triple,foundation,2,0,True,True,False,False,False,0011000101
chemistry/analysis/chromatography,chemistry,triple,foundation,2,1,True,True,True,True,False,1111001111
chemistry/analysis/testing-for-gases,chemistry,triple,foundation,2,0,True,True,True,False,False,0111000101
chemistry/analysis/flame-tests,chemistry,triple,foundation,2,0,True,True,False,True,False,0011011101
chemistry/analysis/metal-hydroxides,chemistry,triple,foundation,2,0,True,True,True,True,False,0111011101
chemistry/analysis/carbonates-halides-sulfates,chemistry,triple,foundation,2,0,True,True,True,True,False,0111011101
chemistry/analysis/instrumental-methods,chemistry,triple,foundation,2,0,True,True,False,False,False,0011010101
chemistry/atmosphere/composition-of-atmosphere,chemistry,triple,foundation,2,0,True,True,False,False,False,0011000101
chemistry/atmosphere/early-atmosphere,chemistry,triple,foundation,2,0,True,True,True,False,False,0111000101
chemistry/atmosphere/greenhouse-gases,chemistry,triple,foundation,2,0,True,True,False,False,False,0011000101
chemistry/atmosphere/atmospheric-pollutants,chemistry,triple,foundation,2,0,True,True,True,False,False,0111000101
chemistry/resources/earths-resources,chemistry,triple,foundation,2,0,True,True,False,False,False,0011000101
chemistry/resources/potable-water,chemistry,triple,foundation,2,0,True,True,False,True,False,0011001101
chemistry/resources/life-cycle-assessment,chemistry,triple,foundation,2,0,True,True,False,False,False,0011000101
chemistry/resources/reducing-use-of-resources,chemistry,triple,foundation,2,0,True,True,False,False,False,0011000101
chemistry/resources/corrosion-prevention,chemistry,triple,foundation,2,0,True,True,True,False,False,0111010101
chemistry/resources/alloys-useful-materials,chemistry,triple,foundation,2,0,True,True,False,False,False,0011010101
chemistry/resources/ceramics-polymers-composites,chemistry,triple,foundation,2,0,True,True,False,False,False,0011010101
chemistry/resources/haber-process,chemistry,triple,foundation,2,1,True,True,True,False,False,0111010111
chemistry/resources/npk-fertilisers,chemistry,triple,foundation,2,0,True,True,True,False,False,0111010101
chemistry/atomic-structure/atoms-elements-compounds,chemistry,triple,higher,4,0,True,True,False,False,False,0011000101
chemistry/atomic-structure/mixtures,chemistry,triple,higher,3,1,True,True,True,True,False,1111001111
chemistry/atomic-structure/model-of-the-atom,chemistry,triple,higher,2,0,True,True,False,False,False,0011000101
chemistry/atomic-structure/subatomic-particles,chemistry,triple,higher,2,0,True,True,False,False,False,0011000101
chemistry/atomic-structure/relative-atomic-mass,chemistry,triple,higher,2,1,True,True,True,False,False,0111100111
chemistry/atomic-structure/electronic-structure,chemistry,triple,higher,2,0,True,True,False,False,False,0011100101
chemistry/atomic-structure/periodic-table,chemistry,triple,higher,2,0,True,True,False,False,False,0011100101
chemistry/atomic-structure/development-periodic-table,chemistry,triple,higher,2,0,True,True,False,False,False,0011000101
chemistry/atomic-structure/metals-non-metals,chemistry,triple,higher,2,0,True,True,False,False,False,0011000101
chemistry/atomic-structure/group-0,chemistry,triple,higher,2,0,True,True,False,False,False,0011000101
chemistry/atomic-structure/group-1,chemistry,triple,higher,2,0,True,True,True,False,False,0111100101
chemistry/atomic-structure/group-7,chemistry,triple,higher,3,0,True,True,True,False,False,0111100101
chemistry/atomic-structure/transition-metals,chemistry,triple,higher,2,0,True,True,False,False,False,0011110101
chemistry/bonding/chemical-bonds,chemistry,triple,higher,12,0,True,True,False,False,True,0011000101
chemistry/bonding/ionic-bonding,chemistry,triple,higher,12,0,True,True,False,False,True,0011000101
chemistry/bonding/ionic-compounds,chemistry,triple,higher,12,0,True,True,False,False,True,0011000101
chemistry/bonding/covalent-bonding,chemistry,triple,higher,12,0,True,True,False,False,True,0011100101
chemistry/bonding/metallic-bonding,chemistry,triple,higher,12,0,True,True,False,False,True,0011000101
chemistry/bonding/states-of-matter,chemistry,triple,higher,12,0,True,True,False,False,True,0011000101
chemistry/bonding/properties-ionic-compounds,chemistry,triple,higher,12,0,True,True,False,False,True,0011000101
chemistry/bonding/properties-small-molecules,chemistry,triple,higher,12,0,True,True,False,False,True,0011000101
chemistry/bonding/polymers,chemistry,triple,higher,12,0,True,True,True,False,True,0111000101
chemistry/bonding/giant-covalent-structures,chemistry,triple,higher,12,0,True,True,False,False,True,0011100101
chemistry/bonding/metals-alloys,chemistry,triple,higher,12,0,True,True,False,False,True,0011000101
chemistry/bonding/nanoparticles,chemistry,triple,higher,11,3,True,True,False,False,True,0011100111
chemistry/quantitative/conservation-of-mass,chemistry,triple,higher,3,0,True,True,False,False,False,0011100101
chemistry/quantitative/relative-formula-mass,chemistry,triple,higher,2,1,True,True,True,False,False,1111100111
chemistry/quantitative/mass-changes-reactions,chemistry,triple,higher,2,1,True,True,False,False,False,0011000111
chemistry/quantitative/chemical-measurements,chemistry,triple,higher,2,1,True,True,True,False,False,1111000111
chemistry/quantitative/percentage-yield,chemistry,triple,higher,2,1,True,True,True,False,False,0111110111
chemistry/quantitative/atom-economy,chemistry,triple,higher,2,1,True,True,True,False,False,0111110111
chemistry/quantitative/concentration-of-solutions,chemistry,triple,higher,2,1,True,True,True,False,False,1111100111
chemistry/quantitative/moles,chemistry,triple,higher,2,1,True,True,True,False,False,1111000111
chemistry/quantitative/amounts-in-equations,chemistry,triple,higher,2,1,True,True,True,False,False,1111000111
chemistry/quantitative/using-moles-calculations,chemistry,triple,higher,2,1,True,True,True,False,False,1111000111
chemistry/chemical-changes/reactivity-series,chemistry,triple,higher,2,0,True,True,True,False,False,0111100101
chemistry/chemical-changes/extraction-of-metals,chemistry,triple,higher,2,0,True,True,True,False,False,0111100101
chemistry/chemical-changes/oxidation-reduction,chemistry,triple,higher,2,0,True,True,True,False,False,0111100101
chemistry/chemical-changes/reactions-of-acids,chemistry,triple,higher,2,0,True,True,True,False,False,0111100101
chemistry/chemical-changes/salts-neutralisation,chemistry,triple,higher,2,0,True,True,True,True,False,0111001101
chemistry/chemical-changes/ph-scale,chemistry,triple,higher,2,0,True,True,False,False,False,0011100101
chemistry/chemical-changes/titrations,chemistry,triple,higher,2,1,True,True,True,True,False,0111111111
chemistry/chemical-changes/electrolysis-principles,chemistry,triple,higher,2,0,True,True,False,False,False,0011100101
chemistry/chemical-changes/electrolysis-molten,chemistry,triple,higher,2,0,True,True,True,True,False,0111101101
chemistry/chemical-changes/electrolysis-extraction,chemistry,triple,higher,2,0,True,True,True,False,False,0111100101
chemistry/chemical-changes/electrolysis-aqueous,chemistry,triple,higher,2,0,True,True,True,True,False,0111101101
chemistry/chemical-changes/strong-weak-acids,chemistry,triple,higher,2,0,True,True,True,False,False,0111000101
chemistry/chemical-changes/half-equations,chemistry,triple,higher,2,1,True,True,True,False,False,0111000111
chemistry/energy-changes/exothermic-endothermic,chemistry,triple,higher,2,1,True,True,True,True,False,1111101111
chemistry/energy-changes/reaction-profiles,chemistry,triple,higher,2,0,True,True,True,False,False,1111100101
chemistry/energy-changes/cells-and-batteries,chemistry,triple,higher,2,0,True,True,False,False,False,0011110101
chemistry/energy-changes/fuel-cells,chemistry,triple,higher,2,0,True,True,True,False,False,0111110101
chemistry/energy-changes/bond-energy-calculations,chemistry,triple,higher,2,1,True,True,True,False,False,1111000111
chemistry/rates-equilibrium/calculating-rates,chemistry,triple,higher,2,1,True,True,True,True,False,1111101111
chemistry/rates-equilibrium/factors-affecting-rate,chemistry,triple,higher,2,0,True,True,False,True,False,0011001101
chemistry/rates-equilibrium/collision-theory,chemistry,triple,higher,2,0,True,True,False,False,False,1011100101
chemistry/rates-equilibrium/catalysts,chemistry,triple,higher,2,0,True,True,False,False,False,0011100101
chemistry/rates-equilibrium/reversible-reactions-equilibrium,chemistry,triple,higher,2,0,True,True,True,False,False,0111100101
chemistry/rates-equilibrium/effect-of-conditions-equilibrium,chemistry,triple,higher,2,0,True,True,True,False,False,0111000101
chemistry/organic/crude-oil-hydrocarbons,chemistry,triple,higher,2,0,True,True,True,False,False,0111100101
chemistry/organic/fractional-distillation,chemistry,triple,higher,2,0,True,True,False,False,False,0011100101
chemistry/organic/properties-of-hydrocarbons,chemistry,triple,higher,2,0,True,True,True,False,False,0111100101
chemistry/organic/cracking-alkenes,chemistry,triple,higher,2,0,True,True,True,False,False,0111100101
chemistry/organic/structure-of-alkenes,chemistry,triple,higher,2,0,True,True,True,False,False,0111110101
chemistry/organic/reactions-of-alkenes,chemistry,triple,higher,2,0,True,True,True,False,False,0111110101
chemistry/organic/alcohols,chemistry,triple,higher,2,0,True,True,True,False,False,0111110101
chemistry/organic/carboxylic-acids,chemistry,triple,higher,2,0,True,True,True,False,False,0111110101
chemistry/organic/addition-polymerisation,chemistry,triple,higher,2,0,True,True,True,False,False,0111110101
chemistry/organic/condensation-polymerisation,chemistry,triple,higher,2,0,True,True,True,False,False,0111110101
chemistry/organic/amino-acids,chemistry,triple,higher,2,0,True,True,True,False,False,0111110101
chemistry/organic/dna-naturally-occurring-polymers,chemistry,triple,higher,2,0,True,True,False,False,False,0011110101
chemistry/analysis/pure-substances,chemistry,triple,higher,2,0,True,True,False,False,False,0011100101
chemistry/analysis/formulations,chemistry,triple,higher,2,0,True,True,False,False,False,0011100101
chemistry/analysis/chromatography,chemistry,triple,higher,2,1,True,True,True,True,False,1111101111
chemistry/analysis/testing-for-gases,chemistry,triple,higher,2,0,True,True,True,False,False,0111100101
chemistry/analysis/flame-tests,chemistry,triple,higher,2,0,True,True,False,True,False,0011111101
chemistry/analysis/metal-hydroxides,chemistry,triple,higher,2,0,True,True,True,True,False,0111111101
chemistry/analysis/carbonates-halides-sulfates,chemistry,triple,higher,2,0,True,True,True,True,False,0111111101
chemistry/analysis/instrumental-methods,chemistry,triple,higher,2,0,True,True,False,False,False,0011110101
chemistry/atmosphere/composition-of-atmosphere,chemistry,triple,higher,2,0,True,True,False,False,False,0011100101
chemistry/atmosphere/early-atmosphere,chemistry,triple,higher,2,0,True,True,True,False,False,0111100101
chemistry/atmosphere/greenhouse-gases,chemistry,triple,higher,2,0,True,True,False,False,False,0011100101
chemistry/atmosphere/atmospheric-pollutants,chemistry,triple,higher,2,0,True,True,True,False,False,0111100101
chemistry/resources/earths-resources,chemistry,triple,higher,2,0,True,True,False,False,False,0011100101
chemistry/resources/potable-water,chemistry,triple,higher,2,0,True,True,False,True,False,0011101101
chemistry/resources/life-cycle-assessment,chemistry,triple,higher,2,0,True,True,False,False,False,0011100101
chemistry/resources/reducing-use-of-resources,chemistry,triple,higher,2,0,True,True,False,False,False,0011100101
chemistry/resources/corrosion-prevention,chemistry,triple,higher,2,0,True,True,True,False,False,0111110101
chemistry/resources/alloys-useful-materials,chemistry,triple,higher,2,0,True,True,False,False,False,0011110101
chemistry/resources/ceramics-polymers-composites,chemistry,triple,higher,2,0,True,True,False,False,False,0011110101
chemistry/resources/haber-process,chemistry,triple,higher,2,1,True,True,True,False,False,0111110111
chemistry/resources/npk-fertilisers,chemistry,triple,higher,2,0,True,True,True,False,False,0111110101
chemistry/resources/alternative-metal-extraction,chemistry,triple,higher,2,0,True,True,True,False,False,0111000101
physics/energy/energy-stores-systems,physics,combined,foundation,2,0,True,True,False,False,False,1011000101
physics/energy/changes-in-energy,physics,combined,foundation,2,2,True,True,True,False,False,1111000111
physics/energy/energy-changes-in-systems,physics,combined,foundation,2,1,True,True,True,True,False,1111001111
physics/energy/power,physics,combined,foundation,2,1,True,True,True,False,False,1111000111
physics/energy/energy-transfers-in-a-system,physics,combined,foundation,2,0,True,True,False,False,False,0011000101
physics/energy/efficiency,physics,combined,foundation,2,1,True,True,True,False,False,0111100111
physics/energy/energy-resources,physics,combined,foundation,2,0,True,True,False,False,False,0011000101
physics/electricity/circuit-symbols,physics,combined,foundation,2,0,True,True,False,True,False,0011001101
physics/electricity/electrical-charge-current,physics,combined,foundation,2,1,True,True,True,True,False,1111001111
physics/electricity/current-resistance-pd,physics,combined,foundation,2,1,True,True,True,True,False,1111001111
physics/electricity/resistors,physics,combined,foundation,2,0,True,True,True,True,False,1111001101
physics/electricity/series-parallel-circuits,physics,combined,foundation,2,1,True,True,True,True,False,1111001111
physics/electricity/direct-alternating-pd,physics,combined,foundation,2,1,True,True,True,False,False,1111000111
physics/electricity/mains-electricity,physics,combined,foundation,2,0,True,True,False,False,False,0011000101
physics/electricity/power-electricity,physics,combined,foundation,2,1,True,True,True,False,False,1111000111
physics/electricity/energy-transfers-appliances,physics,combined,foundation,2,1,True,True,True,False,False,1111000111
physics/electricity/national-grid,physics,combined,foundation,2,1,True,True,True,False,False,1111000111
physics/particle-model/density-of-materials,physics,combined,foundation,2,1,True,True,True,True,False,1111001111
physics/particle-model/changes-of-state,physics,combined,foundation,2,0,True,True,False,False,False,0011000101
physics/particle-model/internal-energy,physics,combined,foundation,2,0,True,True,False,False,False,0011000101
physics/particle-model/temperature-changes-shc,physics,combined,foundation,2,1,True,True,True,True,False,1111001111
physics/particle-model/specific-latent-heat,physics,combined,foundation,2,1,True,True,True,False,False,1111000111
physics/particle-model/particle-motion-pressure,physics,combined,foundation,2,1,True,True,True,False,False,1111000111
physics/atomic-structure/structure-of-atom,physics,combined,foundation,2,0,True,True,False,False,False,0011000101
physics/atomic-structure/mass-number-isotopes,physics,combined,foundation,2,1,True,True,True,False,False,0111000111
physics/atomic-structure/development-atomic-model,physics,combined,foundation,2,0,True,True,False,False,False,0011000101
physics/atomic-structure/radioactive-decay,physics,combined,foundation,2,0,True,True,False,False,False,0011000101
physics/atomic-structure/nuclear-equations,physics,combined,foundation,2,1,True,True,True,False,False,0111000111
physics/atomic-structure/half-lives,physics,combined,foundation,2,1,True,True,True,False,False,0111000111
physics/atomic-structure/radioactive-contamination,physics,combined,foundation,2,0,True,True,False,False,False,0011000101
physics/forces/scalar-vector-quantities,physics,combined,foundation,2,0,True,True,True,False,False,0111000101
physics/forces/contact-noncontact-forces,physics,combined,foundation,2,0,True,True,False,False,False,0011000101
physics/forces/gravity,physics,combined,foundation,2,1,True,True,True,False,False,1111000111
physics/forces/resultant-forces,physics,combined,foundation,2,0,True,True,False,False,False,0011000101
physics/forces/work-done-energy-transfer,physics,combined,foundation,2,1,True,True,True,False,False,1111000111
physics/forces/forces-elasticity,physics,combined,foundation,2,1,True,True,True,True,False,1111001111
physics/forces/distance-speed-velocity,physics,combined,foundation,2,1,True,True,True,False,False,1111000111
physics/forces/distance-time-graphs,physics,combined,foundation,2,1,True,True,True,False,False,1111000111
physics/forces/acceleration,physics,combined,foundation,2,1,True,True,True,False,False,1111000111
physics/forces/newtons-laws,physics,combined,foundation,2,1,True,True,True,False,False,1111000111
physics/forces/stopping-distance-braking,physics,combined,foundation,2,1,True,True,True,False,False,0111000111
physics/waves/transverse-longitudinal-waves,physics,combined,foundation,2,0,True,True,False,True,False,0011001101
physics/waves/properties-of-waves,physics,combined,foundation,2,1,True,True,True,True,False,1111001111
physics/waves/types-of-em-waves,physics,combined,foundation,2,0,True,True,True,False,False,1111000101
physics/waves/properties-em-waves-1,physics,combined,foundation,2,0,True,True,False,True,False,0011101101
physics/waves/properties-em-waves-2,physics,combined,foundation,2,0,True,True,False,False,False,0011100101
physics/waves/uses-em-waves,physics,combined,foundation,2,0,True,True,False,False,False,0011000101
physics/magnetism/poles-of-a-magnet,physics,combined,foundation,2,0,True,True,False,False,False,0011000101
physics/magnetism/magnetic-fields,physics,combined,foundation,2,0,True,True,False,True,False,0011001101
physics/magnetism/electromagnetism,physics,combined,foundation,2,0,True,True,False,True,False,0011101101
physics/energy/energy-stores-systems,physics,combined,higher,2,0,True,True,False,False,False,1011000101
physics/energy/changes-in-energy,physics,combined,higher,2,2,True,True,True,False,False,1111000111
physics/energy/energy-changes-in-systems,physics,combined,higher,2,1,True,True,True,True,False,1111001111
physics/energy/power,physics,combined,higher,2,1,True,True,True,False,False,1111000111
physics/energy/energy-transfers-in-a-system,physics,combined,higher,2,0,True,True,False,False,False,0011000101
physics/energy/efficiency,physics,combined,higher,2,1,True,True,True,False,False,0111100111
physics/energy/energy-resources,physics,combined,higher,2,0,True,True,False,False,False,0011000101
physics/electricity/circuit-symbols,physics,combined,higher,2,0,True,True,False,True,False,0011001101
physics/electricity/electrical-charge-current,physics,combined,higher,2,1,True,True,True,True,False,1111001111
physics/electricity/current-resistance-pd,physics,combined,higher,2,1,True,True,True,True,False,1111001111
physics/electricity/resistors,physics,combined,higher,2,0,True,True,True,True,False,1111001101
physics/electricity/series-parallel-circuits,physics,combined,higher,2,1,True,True,True,True,False,1111001111
physics/electricity/direct-alternating-pd,physics,combined,higher,2,1,True,True,True,False,False,1111000111
physics/electricity/mains-electricity,physics,combined,higher,2,0,True,True,False,False,False,0011000101
physics/electricity/power-electricity,physics,combined,higher,2,1,True,True,True,False,False,1111000111
physics/electricity/energy-transfers-appliances,physics,combined,higher,2,1,True,True,True,False,False,1111000111
physics/electricity/national-grid,physics,combined,higher,2,1,True,True,True,False,False,1111000111
physics/particle-model/density-of-materials,physics,combined,higher,2,1,True,True,True,True,False,1111001111
physics/particle-model/changes-of-state,physics,combined,higher,2,0,True,True,False,False,False,0011000101
physics/particle-model/internal-energy,physics,combined,higher,2,0,True,True,False,False,False,0011000101
physics/particle-model/temperature-changes-shc,physics,combined,higher,2,1,True,True,True,True,False,1111001111
physics/particle-model/specific-latent-heat,physics,combined,higher,2,1,True,True,True,False,False,1111000111
physics/particle-model/particle-motion-pressure,physics,combined,higher,2,1,True,True,True,False,False,1111100111
physics/atomic-structure/structure-of-atom,physics,combined,higher,2,0,True,True,False,False,False,0011000101
physics/atomic-structure/mass-number-isotopes,physics,combined,higher,2,1,True,True,True,False,False,0111000111
physics/atomic-structure/development-atomic-model,physics,combined,higher,2,0,True,True,False,False,False,0011000101
physics/atomic-structure/radioactive-decay,physics,combined,higher,2,0,True,True,False,False,False,0011000101
physics/atomic-structure/nuclear-equations,physics,combined,higher,2,1,True,True,True,False,False,0111000111
physics/atomic-structure/half-lives,physics,combined,higher,2,1,True,True,True,False,False,0111100111
physics/atomic-structure/radioactive-contamination,physics,combined,higher,2,0,True,True,False,False,False,0011000101
physics/forces/scalar-vector-quantities,physics,combined,higher,2,0,True,True,True,False,False,0111000101
physics/forces/contact-noncontact-forces,physics,combined,higher,2,0,True,True,False,False,False,0011000101
physics/forces/gravity,physics,combined,higher,2,1,True,True,True,False,False,1111000111
physics/forces/resultant-forces,physics,combined,higher,2,0,True,True,False,False,False,0011100101
physics/forces/work-done-energy-transfer,physics,combined,higher,2,1,True,True,True,False,False,1111000111
physics/forces/forces-elasticity,physics,combined,higher,2,1,True,True,True,True,False,1111001111
physics/forces/distance-speed-velocity,physics,combined,higher,2,1,True,True,True,False,False,1111100111
physics/forces/distance-time-graphs,physics,combined,higher,2,1,True,True,True,False,False,1111100111
physics/forces/acceleration,physics,combined,higher,2,1,True,True,True,False,False,1111100111
physics/forces/newtons-laws,physics,combined,higher,2,1,True,True,True,False,False,1111100111
physics/forces/stopping-distance-braking,physics,combined,higher,2,1,True,True,True,False,False,0111100111
physics/forces/momentum,physics,combined,higher,2,1,True,True,True,False,False,1111000111
physics/waves/transverse-longitudinal-waves,physics,combined,higher,2,0,True,True,False,True,False,0011001101
physics/waves/properties-of-waves,physics,combined,higher,2,1,True,True,True,True,False,1111001111
physics/waves/types-of-em-waves,physics,combined,higher,2,0,True,True,True,False,False,1111000101
physics/waves/properties-em-waves-1,physics,combined,higher,2,0,True,True,False,True,False,0011101101
physics/waves/properties-em-waves-2,physics,combined,higher,2,0,True,True,False,False,False,0011100101
physics/waves/uses-em-waves,physics,combined,higher,2,0,True,True,False,False,False,0011100101
physics/magnetism/poles-of-a-magnet,physics,combined,higher,2,0,True,True,False,False,False,0011000101
physics/magnetism/magnetic-fields,physics,combined,higher,2,0,True,True,False,True,False,0011001101
physics/magnetism/electromagnetism,physics,combined,higher,2,0,True,True,False,True,False,0011101101
physics/magnetism/flemings-left-hand-rule,physics,combined,higher,2,1,True,True,True,False,False,1111000111
physics/magnetism/electric-motors,physics,combined,higher,2,0,True,True,False,False,False,0011000101
physics/energy/energy-stores-systems,physics,triple,foundation,2,0,True,True,False,False,False,1011000101
physics/energy/changes-in-energy,physics,triple,foundation,2,2,True,True,True,False,False,1111000111
physics/energy/energy-changes-in-systems,physics,triple,foundation,2,1,True,True,True,True,False,1111001111
physics/energy/power,physics,triple,foundation,2,1,True,True,True,False,False,1111000111
physics/energy/energy-transfers-in-a-system,physics,triple,foundation,2,0,True,True,False,False,False,0011000101
physics/energy/efficiency,physics,triple,foundation,2,1,True,True,True,False,False,0111100111
physics/energy/energy-resources,physics,triple,foundation,2,0,True,True,False,False,False,0011000101
physics/energy/thermal-conductivity,physics,triple,foundation,2,0,True,True,False,True,False,0011011101
physics/electricity/circuit-symbols,physics,triple,foundation,2,0,True,True,False,True,False,0011001101
physics/electricity/electrical-charge-current,physics,triple,foundation,2,1,True,True,True,True,False,1111001111
physics/electricity/current-resistance-pd,physics,triple,foundation,2,1,True,True,True,True,False,1111001111
physics/electricity/resistors,physics,triple,foundation,2,0,True,True,True,True,False,1111001101
physics/electricity/series-parallel-circuits,physics,triple,foundation,2,1,True,True,True,True,False,1111001111
physics/electricity/direct-alternating-pd,physics,triple,foundation,2,1,True,True,True,False,False,1111000111
physics/electricity/mains-electricity,physics,triple,foundation,2,0,True,True,False,False,False,0011000101
physics/electricity/power-electricity,physics,triple,foundation,2,1,True,True,True,False,False,1111000111
physics/electricity/energy-transfers-appliances,physics,triple,foundation,2,1,True,True,True,False,False,1111000111
physics/electricity/national-grid,physics,triple,foundation,2,1,True,True,True,False,False,1111000111
physics/electricity/static-charge,physics,triple,foundation,2,0,True,True,False,False,False,0011010101
physics/electricity/electric-fields,physics,triple,foundation,2,0,True,True,True,False,False,1111010101
physics/particle-model/density-of-materials,physics,triple,foundation,2,1,True,True,True,True,False,1111001111
physics/particle-model/changes-of-state,physics,triple,foundation,2,0,True,True,False,False,False,0011000101
physics/particle-model/internal-energy,physics,triple,foundation,2,0,True,True,False,False,False,0011000101
physics/particle-model/temperature-changes-shc,physics,triple,foundation,2,1,True,True,True,True,False,1111001111
physics/particle-model/specific-latent-heat,physics,triple,foundation,2,1,True,True,True,False,False,1111000111
physics/particle-model/particle-motion-pressure,physics,triple,foundation,2,1,True,True,True,False,False,1111000111
physics/atomic-structure/structure-of-atom,physics,triple,foundation,2,0,True,True,False,False,False,0011000101
physics/atomic-structure/mass-number-isotopes,physics,triple,foundation,2,1,True,True,True,False,False,0111000111
physics/atomic-structure/development-atomic-model,physics,triple,foundation,2,0,True,True,False,False,False,0011000101
physics/atomic-structure/radioactive-decay,physics,triple,foundation,2,0,True,True,False,False,False,0011000101
physics/atomic-structure/nuclear-equations,physics,triple,foundation,2,1,True,True,True,False,False,0111000111
physics/atomic-structure/half-lives,physics,triple,foundation,2,1,True,True,True,False,False,0111000111
physics/atomic-structure/radioactive-contamination,physics,triple,foundation,2,0,True,True,False,False,False,0011000101
physics/atomic-structure/background-radiation,physics,triple,foundation,2,0,True,True,True,False,False,0111010101
physics/atomic-structure/uses-of-nuclear-radiation,physics,triple,foundation,2,0,True,True,False,False,False,0011010101
physics/atomic-structure/nuclear-fission,physics,triple,foundation,2,0,True,True,True,False,False,0111010101
physics/atomic-structure/nuclear-fusion,physics,triple,foundation,2,0,True,True,True,False,False,0111010101
physics/forces/scalar-vector-quantities,physics,triple,foundation,2,0,True,True,True,False,False,0111000101
physics/forces/contact-noncontact-forces,physics,triple,foundation,2,0,True,True,False,False,False,0011000101
physics/forces/gravity,physics,triple,foundation,2,1,True,True,True,False,False,1111000111
physics/forces/resultant-forces,physics,triple,foundation,2,0,True,True,False,False,False,0011000101
physics/forces/work-done-energy-transfer,physics,triple,foundation,2,1,True,True,True,False,False,1111000111
physics/forces/forces-elasticity,physics,triple,foundation,2,1,True,True,True,True,False,1111001111
physics/forces/moments-levers-gears,physics,triple,foundation,2,1,True,True,True,False,False,1111010111
physics/forces/pressure-in-a-fluid,physics,triple,foundation,2,1,True,True,True,False,False,1111010111
physics/forces/distance-speed-velocity,physics,triple,foundation,2,1,True,True,True,False,False,1111000111
physics/forces/distance-time-graphs,physics,triple,foundation,2,1,True,True,True,False,False,1111000111
physics/forces/acceleration,physics,triple,foundation,2,1,True,True,True,False,False,1111000111
physics/forces/newtons-laws,physics,triple,foundation,2,1,True,True,True,False,False,1111000111
physics/forces/stopping-distance-braking,physics,triple,foundation,2,1,True,True,True,False,False,0111000111
physics/waves/transverse-longitudinal-waves,physics,triple,foundation,2,0,True,True,False,True,False,0011001101
physics/waves/properties-of-waves,physics,triple,foundation,2,1,True,True,True,True,False,1111001111
physics/waves/types-of-em-waves,physics,triple,foundation,2,0,True,True,True,False,False,1111000101
physics/waves/properties-em-waves-1,physics,triple,foundation,2,0,True,True,False,True,False,0011101101
physics/waves/properties-em-waves-2,physics,triple,foundation,2,0,True,True,False,False,False,0011100101
physics/waves/uses-em-waves,physics,triple,foundation,2,0,True,True,False,False,False,0011000101
physics/waves/lenses,physics,triple,foundation,2,0,True,True,True,False,False,1111010101
physics/waves/infrared-black-bodies,physics,triple,foundation,2,0,True,True,False,False,False,0011010101
physics/magnetism/poles-of-a-magnet,physics,triple,foundation,2,0,True,True,False,False,False,0011000101
physics/magnetism/magnetic-fields,physics,triple,foundation,2,0,True,True,False,True,False,0011001101
physics/magnetism/electromagnetism,physics,triple,foundation,2,0,True,True,False,True,False,0011101101
physics/space/solar-system-gravity,physics,triple,foundation,2,0,True,True,False,False,False,0011010101
physics/space/stellar-evolution,physics,triple,foundation,2,0,True,True,False,False,False,0011010101
physics/space/red-shift-big-bang,physics,triple,foundation,2,0,True,True,True,False,False,1111010101
physics/energy/energy-stores-systems,physics,triple,higher,2,0,True,True,False,False,False,1011000101
physics/energy/changes-in-energy,physics,triple,higher,2,2,True,True,True,False,False,1111000111
physics/energy/energy-changes-in-systems,physics,triple,higher,2,1,True,True,True,True,False,1111001111
physics/energy/power,physics,triple,higher,2,1,True,True,True,False,False,1111000111
physics/energy/energy-transfers-in-a-system,physics,triple,higher,2,0,True,True,False,False,False,0011000101
physics/energy/efficiency,physics,triple,higher,2,1,True,True,True,False,False,0111100111
physics/energy/energy-resources,physics,triple,higher,2,0,True,True,False,False,False,0011000101
physics/energy/thermal-conductivity,physics,triple,higher,2,0,True,True,False,True,False,0011111101
physics/electricity/circuit-symbols,physics,triple,higher,2,0,True,True,False,True,False,0011001101
physics/electricity/electrical-charge-current,physics,triple,higher,2,1,True,True,True,True,False,1111001111
physics/electricity/current-resistance-pd,physics,triple,higher,2,1,True,True,True,True,False,1111001111
physics/electricity/resistors,physics,triple,higher,2,0,True,True,True,True,False,1111001101
physics/electricity/series-parallel-circuits,physics,triple,higher,2,1,True,True,True,True,False,1111001111
physics/electricity/direct-alternating-pd,physics,triple,higher,2,1,True,True,True,False,False,1111000111
physics/electricity/mains-electricity,physics,triple,higher,2,0,True,True,False,False,False,0011000101
physics/electricity/power-electricity,physics,triple,higher,2,1,True,True,True,False,False,1111000111
physics/electricity/energy-transfers-appliances,physics,triple,higher,2,1,True,True,True,False,False,1111000111
physics/electricity/national-grid,physics,triple,higher,2,1,True,True,True,False,False,1111000111
physics/electricity/static-charge,physics,triple,higher,2,0,True,True,False,False,False,0011110101
physics/electricity/electric-fields,physics,triple,higher,2,0,True,True,True,False,False,1111110101
physics/particle-model/density-of-materials,physics,triple,higher,2,1,True,True,True,True,False,1111001111
physics/particle-model/changes-of-state,physics,triple,higher,2,0,True,True,False,False,False,0011000101
physics/particle-model/internal-energy,physics,triple,higher,2,0,True,True,False,False,False,0011000101
physics/particle-model/temperature-changes-shc,physics,triple,higher,2,1,True,True,True,True,False,1111001111
physics/particle-model/specific-latent-heat,physics,triple,higher,2,1,True,True,True,False,False,1111000111
physics/particle-model/particle-motion-pressure,physics,triple,higher,2,1,True,True,True,False,False,1111100111
physics/atomic-structure/structure-of-atom,physics,triple,higher,2,0,True,True,False,False,False,0011000101
physics/atomic-structure/mass-number-isotopes,physics,triple,higher,2,1,True,True,True,False,False,0111000111
physics/atomic-structure/development-atomic-model,physics,triple,higher,2,0,True,True,False,False,False,0011000101
physics/atomic-structure/radioactive-decay,physics,triple,higher,2,0,True,True,False,False,False,0011000101
physics/atomic-structure/nuclear-equations,physics,triple,higher,2,1,True,True,True,False,False,0111000111
physics/atomic-structure/half-lives,physics,triple,higher,2,1,True,True,True,False,False,0111100111
physics/atomic-structure/radioactive-contamination,physics,triple,higher,2,0,True,True,False,False,False,0011000101
physics/atomic-structure/background-radiation,physics,triple,higher,2,0,True,True,True,False,False,0111110101
physics/atomic-structure/uses-of-nuclear-radiation,physics,triple,higher,2,0,True,True,False,False,False,0011110101
physics/atomic-structure/nuclear-fission,physics,triple,higher,2,0,True,True,True,False,False,0111110101
physics/atomic-structure/nuclear-fusion,physics,triple,higher,2,0,True,True,True,False,False,0111110101
physics/forces/scalar-vector-quantities,physics,triple,higher,2,0,True,True,True,False,False,0111000101
physics/forces/contact-noncontact-forces,physics,triple,higher,2,0,True,True,False,False,False,0011000101
physics/forces/gravity,physics,triple,higher,2,1,True,True,True,False,False,1111000111
physics/forces/resultant-forces,physics,triple,higher,2,0,True,True,False,False,False,0011100101
physics/forces/resolving-forces,physics,triple,higher,2,1,True,True,True,False,False,1111110111
physics/forces/free-body-diagrams,physics,triple,higher,2,0,True,True,True,False,False,0111110101
physics/forces/work-done-energy-transfer,physics,triple,higher,2,1,True,True,True,False,False,1111000111
physics/forces/forces-elasticity,physics,triple,higher,2,1,True,True,True,True,False,1111001111
physics/forces/moments-levers-gears,physics,triple,higher,2,1,True,True,True,False,False,1111110111
physics/forces/pressure-in-a-fluid,physics,triple,higher,2,1,True,True,True,False,False,1111110111
physics/forces/upthrust-floating,physics,triple,higher,2,1,True,True,True,False,False,1111110111
physics/forces/distance-speed-velocity,physics,triple,higher,2,1,True,True,True,False,False,1111100111
physics/forces/distance-time-graphs,physics,triple,higher,2,1,True,True,True,False,False,1111100111
physics/forces/acceleration,physics,triple,higher,2,1,True,True,True,False,False,1111100111
physics/forces/newtons-laws,physics,triple,higher,2,1,True,True,True,False,False,1111100111
physics/forces/stopping-distance-braking,physics,triple,higher,2,1,True,True,True,False,False,0111100111
physics/forces/motion-in-a-circle,physics,triple,higher,2,0,True,True,False,False,False,0011110101
physics/forces/momentum,physics,triple,higher,2,1,True,True,True,False,False,1111000111
physics/waves/transverse-longitudinal-waves,physics,triple,higher,2,0,True,True,False,True,False,0011001101
physics/waves/sound-waves-hearing,physics,triple,higher,2,1,True,True,True,False,False,1111110111
physics/waves/waves-detection-exploration,physics,triple,higher,2,0,True,True,True,False,False,0111110101
physics/waves/properties-of-waves,physics,triple,higher,2,1,True,True,True,True,False,1111001111
physics/waves/types-of-em-waves,physics,triple,higher,2,0,True,True,True,False,False,1111000101
physics/waves/properties-em-waves-1,physics,triple,higher,2,0,True,True,False,True,False,0011101101
physics/waves/properties-em-waves-2,physics,triple,higher,2,0,True,True,False,False,False,0011100101
physics/waves/uses-em-waves,physics,triple,higher,2,0,True,True,False,False,False,0011100101
physics/waves/wave-front-refraction,physics,triple,higher,2,0,True,True,True,False,False,0111110101
physics/waves/lenses,physics,triple,higher,2,0,True,True,True,False,False,1111110101
physics/waves/infrared-black-bodies,physics,triple,higher,2,0,True,True,False,False,False,0011110101
physics/waves/radiation-balance-temperature,physics,triple,higher,2,0,True,True,False,False,False,0011110101
physics/magnetism/poles-of-a-magnet,physics,triple,higher,2,0,True,True,False,False,False,0011000101
physics/magnetism/magnetic-fields,physics,triple,higher,2,0,True,True,False,True,False,0011001101
physics/magnetism/electromagnetism,physics,triple,higher,2,0,True,True,False,True,False,0011101101
physics/magnetism/flemings-left-hand-rule,physics,triple,higher,2,1,True,True,True,False,False,1111000111
physics/magnetism/electric-motors,physics,triple,higher,2,0,True,True,False,False,False,0011000101
physics/magnetism/loudspeakers-headphones,physics,triple,higher,2,0,True,True,False,False,False,0011110101
physics/magnetism/induced-potential,physics,triple,higher,2,0,True,True,False,False,False,0011110101
physics/magnetism/uses-generator-effect,physics,triple,higher,2,0,True,True,False,False,False,0011110101
physics/magnetism/microphones,physics,triple,higher,2,0,True,True,False,False,False,0011110101
physics/magnetism/transformers,physics,triple,higher,2,1,True,True,True,False,False,1111110111
physics/space/solar-system-gravity,physics,triple,higher,2,0,True,True,False,False,False,0011110101
physics/space/gravity-stable-orbits,physics,triple,higher,2,0,True,True,False,False,False,0011110101
physics/space/stellar-evolution,physics,triple,higher,2,0,True,True,False,False,False,0011110101
physics/space/red-shift-big-bang,physics,triple,higher,2,0,True,True,True,False,False,1111110101
physics/space/dark-matter-dark-energy,physics,triple,higher,2,0,True,True,False,False,False,0011110101
